CompoundWords,Prefixes,Suffixes
aftereffect,anti-,-able
afternoon,counter-,-ible
afterthought,de-,-ance
airbag,dis-,-ence
aircraft,ex-,-ant
airline,extra-,-ent
airplane,fore-,-ant
airport,homo-,-ate
airtight,hyper-,-dom
angelfish,il-,-ful
another,im-,-ee
anybody,in-,-ian
anyhow,inter-,-er
anymore,ir-,-or
anyone,mal-,-ic
anyplace,mid-,-ery
anything,mis-,-ical
anytime,mono-,-hood
anyway,neo-,-ish
anywhere,non-,-ion
applesauce,omni-,-ive
armchair,out-,-ism
armhole,pre-,-less
armpit,re-,-ist
arrowhead,semi-,-like
artwork,sub-,-ity
awestruck,super-,-ous
backache,un-,-ment
backbone,under-,-some
backdrop,deca-,-ness
background,kilo-,-y
backhand,mega-,-ship
backhoe,giga-,-ure
backlog,deci-,
backpack,centi-,
backspace,milli-,
backstab,micro-,
backstabbing,,
backstroke,,
backwater,,
backwoods,,
backyard,,
badlands,,
bagpipe,,
ballplayer,,
bantamweight,,
barcode,,
barefoot,,
barnstorm,,
barnyard,,
baseball,,
basketball,,
bathmat,,
bathrobe,,
bathroom,,
bathtub,,
bathwater,,
battlecry,,
battlecruiser,,
battlefield,,
battleship,,
beachcomb,,
beachcomber,,
beancurd,,
become,,
bedrock,,
bedroom,,
bedspread,,
bedspring,,
bedtime,,
beehive,,
beekeeper,,
beekeeping,,
beeswax,,
beforehand,,
bellflower,,
bellhop,,
bellyache,,
benchmark,,
billboard,,
birthday,,
birthplace,,
birthrate,,
birthright,,
bitterroot,,
bittersweet,,
blackberry,,
blackbird,,
blackboard,,
blacklist,,
blackout,,
blacksmith,,
blockbuster,,
blowout,,
blowup,,
bluebell,,
blueberry,,
bluebird,,
bluebonnet,,
bobcat,,
bobtail,,
bodyguard,,
bookbinder,,
bookbinding,,
bookcase,,
bookkeeper,,
bookmark,,
bookmobile,,
bookshelf,,
bookstore,,
bookworm,,
bowleg,,
boxcar,,
brainstorm,,
brainwash,,
breadbasket,,
breadbox,,
breadcrumb,,
breadfruit,,
breadknife,,
breadstick,,
breakdancing,,
breakdown,,
breakfast,,
breakfront,,
breakneck,,
breakout,,
breakthrough,,
breakup,,
breakwater,,
breastbone,,
breaststroke,,
bridegroom,,
briefcase,,
bringdown,,
browbeat,,
bucktoothed,,
bulkhead,,
bulldog,,
bulldozer,,
bullfrog,,
businessman,,
businesswoman,,
buttercup,,
butterfingers,,
butterfly,,
buttermilk,,
buttonhole,,
bygone,,
bypass,,
callback,,
campfire,,
candlestick,,
candytuft,,
cannot,,
cardboard,,
carefree,,
careless,,
caretaker,,
carpool,,
carport,,
cartwheel,,
catfish,,
catnap,,
catnip,,
chairman,,
chairperson,,
chairwoman,,
cheapskate,,
checkerboard,,
checkmate,,
checkroom,,
checkup,,
chestnut,,
chickpea,,
childbearing,,
childbirth,,
childcare,,
childfree,,
childless,,
childlike,,
childproof,,
chopstick,,
classmate,,
classroom,,
classwork,,
clockwise,,
clockwork,,
clotheshorse,,
clothesline,,
clothespin,,
coastline,,
cobweb,,
coldhearted,,
cookbook,,
cookout,,
cooktop,,
cookware,,
copycat,,
copyright,,
copywriter,,
corkscrew,,
cornbread,,
corncob,,
cornfield,,
cornflower,,
cornmeal,,
cornstalk,,
cottonmouth,,
countdown,,
counterattack,,
counterbalance,,
counterclockwise,,
counterweight,,
countryside,,
coursework,,
courthouse,,
courtyard,,
cowbell,,
cowboy,,
cowgirl,,
cowslip,,
crabgrass,,
craftsman,,
craftswoman,,
crawfish,,
crayfish,,
crossbow,,
crossroad,,
crossroads,,
crosswalk,,
crossword,,
crowbar,,
cubbyhole,,
cupboard,,
cupcake,,
cutaway,,
cutback,,
cutoff,,
cutthroat,,
cutup,,
daredevil,,
darkroom,,
dashboard,,
database,,
daybreak,,
daydream,,
daylight,,
daytime,,
deadline,,
desktop,,
dimwit,,
dishcloth,,
dishwasher,,
dishwater,,
dogcatcher,,
dogfish,,
doghouse,,
dogwood,,
doorbell,,
doorknob,,
doorman,,
doormat,,
doorstep,,
doorstop,,
doorway,,
downburst,,
downcast,,
downdraft,,
downfall,,
downhill,,
downlink,,
download,,
downplay,,
downpour,,
downrate,,
downright,,
downscale,,
downshift,,
downsize,,
downstairs,,
downstream,,
downstroke,,
downthrow,,
downtown,,
downtrodden,,
downturn,,
downward,,
downwind,,
dragonfly,,
drainpipe,,
dreadlock,,
dreadnought,,
dressmaker,,
dressmaking,,
driftwood,,
driveway,,
dropout,,
drugstore,,
drumbeat,,
drumfire,,
drumroll,,
drumstick,,
duckbill,,
dugout,,
dumbbell,,
dustpan,,
duststorm,,
earache,,
eardrum,,
earlobe,,
earmark,,
earmuff,,
earphone,,
earring,,
earshot,,
earthbound,,
earthquake,,
earthward,,
earthworm,,
earwig,,
eavesdrop,,
eggbeater,,
eggcup,,
egghead,,
eggnog,,
eggplant,,
eggshell,,
,,
,,
,,
,,
,,
,,
,,
,,
,,
,,
,,
,,
,,
,,
,,
,,
,,
,,
,,
,,
,,
,,
,,
,,
,,
elsewhere,,
,,
evergreen,,
everlasting,,
everybody,,
everyday,,
everyone,,
everything,,
everywhere,,
eyeball,,
eyebrow,,
eyeglass,,
eyelash,,
eyelid,,
eyepiece,,
eyesight,,
eyewitness,,
fallout,,
fanfare,,
farewell,,
farmhouse,,
farmyard,,
farsighted,,
fatherland,,
feedback,,
fiddlesticks,,
fingernail,,
fingerprint,,
fingertip,,
firearm,,
fireboat,,
firebug,,
firefighter,,
firefly,,
fireman,,
fireplace,,
fireproof,,
firewood,,
firework,,
firsthand,,
fishbowl,,
fishcake,,
fisherman,,
fisherwoman,,
fisheye,,
fishhook,,
fishnet,,
flagpole,,
flapjack,,
flashlight,,
flatfish,,
floodlight,,
floorboard,,
flowerbed,,
flowerpot,,
flyby,,
flyweight,,
flywheel,,
foghorn,,
folklore,,
foolproof,,
football,,
foothill,,
footlight,,
footman,,
footnote,,
footprint,,
footrest,,
footstep,,
footstool,,
footwear,,
forecast,,
foreclose,,
foreman,,
foremost,,
foreshadow,,
foresight,,
forthwith,,
foursquare,,
foxglove,,
foxhole,,
framework,,
freelance,,
freeway,,
freshman,,
freshwater,,
friendship,,
frogman,,
frostbite,,
frostbitten,,
fruitcake,,
furthermore,,
gallbladder,,
gallstone,,
gearshift,,
gemstone,,
gentleman,,
getghostwriter,,
gingerbread,,
giveglobetrotter,,
glowworm,,
goalkeeper,,
goalpost,,
goldenrod,,
goldfinch,,
goldfish,,
goldmine,,
goldsmith,,
goodnight,,
grandchild,,
granddaughter,,
grandfather,,
grandma,,
grandmother,,
grandpa,,
grandparent,,
grandson,,
grandstand,,
grapefruit,,
grapevine,,
grasshopper,,
grassland,,
gravestone,,
graveyard,,
greenback,,
greengrocer,,
greenhorn,,
greenhouse,,
greyhound,,
gridlock,,
grindstone,,
groundbreaking,,
groundcover,,
groundhog,,
groundskeeper,,
groundspeed,,
groundwork,,
grownup,,
guidebook,,
guideline,,
guidepost,,
gumdrop,,
gunfire,,
gunmetal,,
gunpowder,,
hacksaw,,
hailstone,,
hailstorm,,
hairbrush,,
haircut,,
hairdo,,
hairdresser,,
hairline,,
halfback,,
halfhearted,,
halfway,,
halfwit,,
hallway,,
hamburger,,
handbag,,
handball,,
handbook,,
handcuff,,
handgun,,
handheld,,
handhold,,
handkerchief,,
handlebar,,
handmade,,
handover,,
handprint,,
handrail,,
handset,,
handshake,,
handspring,,
handstand,,
handwork,,
handwriting,,
handyman,,
hangman,,
hangnail,,
hangout,,
hardheaded,,
hardhearted,,
hardtop,,
hardware,,
hardwire,,
hardworking,,
hayfield,,
hayfork,,
hayloft,,
hayride,,
haystack,,
haywire,,
hazelnut,,
headache,,
headboard,,
headdress,,
headfirst,,
headhunter,,
headland,,
headlight,,
headline,,
headphone,,
headquarters,,
headrest,,
headset,,
headstand,,
headstone,,
headwaters,,
headway,,
heartbeat,,
heartburn,,
heartsick,,
heavyweight,,
hedgehog,,
hereafter,,
heretofore,,
herringbone,,
herself,,
hideaway,,
highbrow,,
highchair,,
highflier,,
highhanded,,
highjack,,
highland,,
highlander,,
highlight,,
highroad,,
hightail,,
highway,,
highwayman,,
hijack,,
hillside,,
hilltop,,
himself,,
hindsight,,
hogtie,,
hogwash,,
hollyhock,,
homecoming,,
homeland,,
homemade,,
homeowner,,
homesick,,
homeward,,
homework,,
honeybee,,
honeycomb,,
honeydew,,
honeymoon,,
hookworm,,
hopscotch,,
horseback,,
horsefly,,
horselaugh,,
horseman,,
horseplay,,
horsepower,,
horseradish,,
horseshoe,,
hotbed,,
hotcake,,
hothead,,
hotheaded,,
hothouse,,
hotline,,
hotrod,,
hotshot,,
hourglass,,
houseboat,,
housebreaking,,
housecoat,,
housefly,,
household,,
housekeeper,,
housekeeping,,
housewarming,,
housewife,,
housework,,
hovercraft,,
however,,
huckleberry,,
humankind,,
humbug,,
humdrum,,
hummingbird,,
humpback,,
hunchback,,
iceberg,,
icefish,,
inchworm,,
income,,
indoor,,
indoors,,
inkblot,,
inland,,
inlet,,
inmate,,
inside,,
instep,,
into,,
inward,,
itself,,
jackfruit,,
jackknife,,
jackpot,,
jawbone,,
jawbreaker,,
jaybird,,
jaywalker,,
jellybean,,
jellyfish,,
jigsaw,,
jitterbug,,
joystick,,
jumpsuit,,
keepsake,,
kettledrum,,
keyboard,,
keyhole,,
keystone,,
keyword,,
kickoff,,
killjoy,,
kindhearted,,
knapsack,,
kneecap,,
knighthood,,
knockout,,
ladybird,,
ladybug,,
lakebed,,
lakeside,,
landfall,,
landform,,
landlord,,
landmark,,
landowner,,
landslide,,
larkspur,,
laughingstock,,
lawnmower,,
lawsuit,,
layover,,
leapfrog,,
leftover,,
letdown,,
levelheaded,,
lifeboat,,
lifeguard,,
lifelong,,
lifespan,,
lifestyle,,
lifetime,,
liftoff,,
lightheaded,,
lighthearted,,
lighthouse,,
lightweight,,
limelight,,
limestone,,
linebacker,,
lineman,,
lineup,,
lionheart,,
lipstick,,
litterbug,,
livestock,,
locksmith,,
loggerhead,,
logjam,,
longhair,,
longhand,,
longshoreman,,
lookout,,
loophole,,
lopsided,,
loudmouth,,
lovesick,,
lowbrow,,
lowland,,
lowlife,,
lukewarm,,
lumberjack,,
lunchroom,,
lungfish,,
mailbox,,
mailman,,
mainframe,,
mainland,,
mainstream,,
makeover,,
makeshift,,
makeup,,
manhole,,
manhunt,,
mankind,,
manpower,,
marketplace,,
marksman,,
mastermind,,
masterpiece,,
matchbook,,
matchmaker,,
matchmaking,,
maybe,,
mayflower,,
mealtime,,
meanwhile,,
meatball,,
meatloaf,,
merry-middleman,,
midshipman,,
milestone,,
milkshake,,
mockingbird,,
mockup,,
moonbeam,,
moonlight,,
moonstruck,,
moreover,,
motorboat,,
motorcycle,,
mousetrap,,
mouthpiece,,
mouthwatering,,
muskrat,,
myself,,
namesake,,
nearsighted,,
necklace,,
neckline,,
necktie,,
needlepoint,,
needlework,,
network,,
nevertheless,,
newborn,,
newcomer,,
newsletter,,
newspaper,,
newsstand,,
newsworthy,,
nightfall,,
nightgown,,
nightmare,,
nightstand,,
nighttime,,
nitwit,,
nobleman,,
nobody,,
northeast,,
northwest,,
nosebleed,,
nosedive,,
notebook,,
noteworthy,,
nothing,,
nowhere,,
nutshell,,
oatmeal,,
offline,,
offshoot,,
offshore,,
offside,,
offspring,,
oilcan,,
oncoming,,
oneself,,
ongoing,,
online,,
onlooker,,
onrush,,
onset,,
onto,,
onward,,
openhanded,,
otherwise,,
ourselves,,
outbid,,
outbreak,,
outburst,,
outcast,,
outcome,,
outcrop,,
outcry,,
outdated,,
outdo,,
outdoor,,
outdoors,,
outdoorsman,,
outfield,,
outfit,,
outflow,,
outfox,,
outgas,,
outgoing,,
outgrow,,
outhouse,,
outlast,,
outlaw,,
outlay,,
outlet,,
outline,,
outlive,,
outlook,,
outlying,,
outnumber,,
outpost,,
output,,
outrage,,
outrank,,
outrun,,
outshine,,
outside,,
outsider,,
outskirt,,
outsmart,,
outsource,,
outspoken,,
outstanding,,
outstay,,
outstretch,,
outtake,,
outward,,
overabundant,,
overachiever,,
overact,,
overactive,,
overage,,
overall,,
overalls,,
overarching,,
overbearing,,
overbite,,
overblown,,
overboard,,
overbook,,
overburden,,
overcast,,
overcharge,,
overcoat,,
overcome,,
overcompensate,,
overcook,,
overcrowd,,
overdo,,
overdose,,
overdraft,,
overdress,,
overdrive,,
overdue,,
overeager,,
overeat,,
overexpose,,
overfill,,
overflow,,
overfull,,
overgrown,,
overhand,,
overhang,,
overhaul,,
overhead,,
overhear,,
overheat,,
overkill,,
overland,,
overlap,,
overlay,,
overload,,
overlook,,
overlord,,
overlying,,
overnight,,
overpack,,
overpaid,,
overpass,,
overpay,,
overpower,,
overrate,,
overreach,,
overreact,,
override,,
overrule,,
overrun,,
overseas,,
oversee,,
overshoe,,
oversight,,
oversleep,,
overstate,,
overstretch,,
overtake,,
overtax,,
overthrow,,
overtime,,
overturn,,
overuse,,
overvalue,,
overview,,
overweight,,
overwork,,
oxbow,,
pancake,,
panhandle,,
paperback,,
paperweight,,
paperwork,,
parkway,,
passageway,,
passbook,,
passerby,,
passionflower,,
passionfruit,,
passkey,,
passport,,
password,,
pastureland,,
patchwork,,
pathfinder,,
pathway,,
pawnbroker,,
payback,,
payroll,,
peacekeeper,,
peacemaker,,
peanut,,
penknife,,
peppercorn,,
peppermint,,
pickax,,
pickpocket,,
piecrust,,
pigeonhole,,
piggyback,,
pigpen,,
pigskin,,
pigsty,,
pigtail,,
pillbox,,
pillowcase,,
pincushion,,
pineapple,,
pinpoint,,
pinprick,,
pinup,,
pinwheel,,
pipefish,,
pipeline,,
pitchfork,,
plainclothes,,
playground,,
playpen,,
plaything,,
plywood,,
pocketbook,,
pocketknife,,
polecat,,
polestar,,
policeman,,
policewoman,,
popcorn,,
popover,,
postcard,,
postmark,,
postmaster,,
potholder,,
pothole,,
potluck,,
potpie,,
powerboat,,
powerhouse,,
praiseworthy,,
primrose,,
printout,,
proofread,,
pullover,,
purebred,,
pushcart,,
pushover,,
quarterback,,
quartermaster,,
quickfire,,
quicksand,,
quicksilver,,
racecar,,
racecourse,,
racehorse,,
racetrack,,
raceway,,
railroad,,
railway,,
rainbow,,
raincoat,,
raindrop,,
rainfall,,
rainout,,
rainstorm,,
rattlesnake,,
redcoat,,
redhead,,
redwood,,
reindeer,,
ringleader,,
ringside,,
ringworm,,
ripsaw,,
riverbed,,
riverside,,
roadbed,,
roadrunner,,
roadside,,
roadway,,
rockfish,,
rockhound,,
rockslide,,
roommate,,
rosebud,,
rosemary,,
roughhouse,,
roughneck,,
roundup,,
rowboat,,
runaway,,
runoff,,
runway,,
safeguard,,
sailboat,,
sailfish,,
salesman,,
saleswoman,,
saltshaker,,
saltwater,,
sandbar,,
sandbox,,
sandman,,
sandpaper,,
sandstorm,,
saucepan,,
sawdust,,
sawhorse,,
sawmill,,
scarecrow,,
scatterbrain,,
schoolhouse,,
schoolroom,,
schoolteacher,,
scrapbook,,
screwdriver,,
seabed,,
seabird,,
seaboard,,
seacoast,,
seafarer,,
seafood,,
seagoing,,
seagrass,,
seagull,,
seahorse,,
seaplane,,
searchlight,,
seashell,,
seashore,,
seasick,,
seaside,,
seawall,,
seaway,,
seaweed,,
seaworthy,,
secondhand,,
seedpod,,
setback,,
sheepdog,,
shellfish,,
shipmate,,
shipshape,,
shipwreck,,
shipyard,,
shoehorn,,
shoelace,,
shopkeeper,,
shoreline,,
shortbread,,
shortcake,,
shorthand,,
shortstop,,
showman,,
showmanship,,
showoff,,
shuffleboard,,
shutdown,,
shuteye,,
sideboard,,
sidecar,,
sidekick,,
sideline,,
sidestep,,
sidestroke,,
sideswipe,,
sidetrack,,
sidewalk,,
sideways,,
sightseeing,,
sightseer,,
signpost,,
silkworm,,
silverware,,
singsong,,
skateboard,,
skylight,,
skyline,,
skyrocket,,
skyscraper,,
skywriting,,
slapstick,,
slaughterhouse,,
sledgehammer,,
sleepover,,
sleepwalker,,
sleepyhead,,
slingshot,,
slipcover,,
slipknot,,
slipshod,,
smallpox,,
smokestack,,
snapdragon,,
snapshot,,
snowball,,
snowboard,,
snowbound,,
snowdrift,,
snowdrop,,
snowfall,,
snowflake,,
snowman,,
snowplow,,
snowshoe,,
snowstorm,,
soapstone,,
softball,,
software,,
somebody,,
someday,,
somehow,,
someone,,
someplace,,
something,,
sometime,,
somewhat,,
somewhere,,
songbird,,
soundproof,,
soundtrack,,
southeast,,
southwest,,
soybean,,
spacecraft,,
spaceship,,
spacesuit,,
spareribs,,
speakeasy,,
spellbound,,
spoilsport,,
sportscast,,
sportscaster,,
sportsman,,
sportsmanship,,
sportswoman,,
sportswriter,,
spotlight,,
springboard,,
springtime,,
spyglass,,
stagecoach,,
staircase,,
stairway,,
standby,,
standoff,,
standpipe,,
standstill,,
starboard,,
starfish,,
stargazer,,
stargazing,,
starlight,,
starship,,
startup,,
stateside,,
statesman,,
stateswoman,,
steamboat,,
steamroller,,
steamship,,
steeplechase,,
stepbrother,,
stepchild,,
stepdaughter,,
stepfather,,
stepladder,,
stepmother,,
stepparent,,
steppingstone,,
stepsister,,
stepson,,
stingray,,
stockbroker,,
stockholder,,
stockpile,,
stomachache,,
stonewall,,
stoneware,,
stonework,,
stopwatch,,
storehouse,,
storekeeper,,
storyteller,,
storytelling,,
stowaway,,
straightedge,,
straightforward,,
strawberry,,
streamline,,
streetcar,,
strongbox,,
stronghold,,
suitcase,,
summertime,,
sunbonnet,,
sunburn,,
sundial,,
sundown,,
sundress,,
sunfish,,
sunflower,,
sunglasses,,
sunlight,,
sunrise,,
sunset,,
sunshine,,
sunspot,,
sunstroke,,
sunup,,
supercharge,,
supercollider,,
supercomputer,,
superconductor,,
superfood,,
supergiant,,
superglue,,
superheavyweight,,
superhero,,
superhighway,,
superhuman,,
superimpose,,
superman,,
supermarket,,
supernatural,,
supernova,,
supertanker,,
superuser,,
superwoman,,
surfboard,,
swallowtail,,
sweatshirt,,
sweetheart,,
swimsuit,,
swordfish,,
tablecloth,,
tableland,,
tablespoon,,
tabletop,,
tailback,,
tailspin,,
takeaway,,
takeoff,,
takeout,,
takeover,,
tapeworm,,
tattletale,,
taxicab,,
teacake,,
teacup,,
teammate,,
teapot,,
teardrop,,
tearjerker,,
tearoom,,
teashop,,
teaspoon,,
teatime,,
telltale,,
textbook,,
thanksgiving,,
themselves,,
thighbone,,
thoroughbred,,
thoroughfare,,
threadbare,,
throughout,,
thumbnail,,
thunderbolt,,
thunderclap,,
thundercloud,,
thunderstorm,,
thunderstruck,,
tideland,,
tightrope,,
timecard,,
timekeeper,,
timeline,,
timeout,,
timepiece,,
timescale,,
timesheet,,
timetable,,
timeworn,,
tiptoe,,
toadstool,,
today,,
toenail,,
tombstone,,
tomcat,,
toolbox,,
toothbrush,,
toothpaste,,
toothpick,,
topcoat,,
topflight,,
topknot,,
topsail,,
topside,,
topsoil,,
topspin,,
topstitch,,
touchdown,,
trademark,,
tradeoff,,
tradesman,,
tradeswoman,,
treadmill,,
treetop,,
triggerfish,,
troublemaker,,
trustworthy,,
tryout,,
tugboat,,
tumbledown,,
tumbleweed,,
turncoat,,
turnout,,
turnover,,
turnpike,,
turnstile,,
turtleneck,,
typeface,,
typewriter,,
underachiever,,
underarm,,
underclothing,,
undercook,,
undercover,,
undercut,,
underdog,,
underdone,,
undergo,,
underground,,
undergrowth,,
underhand,,
undersea,,
undershirt,,
understand,,
understated,,
undertake,,
undertaker,,
undervalue,,
underwater,,
underwear,,
underweight,,
underworld,,
upbeat,,
upbringing,,
upcoming,,
update,,
updraft,,
upgrade,,
uphill,,
uphold,,
upkeep,,
uplift,,
upload,,
upon,,
uppermost,,
upright,,
uprising,,
uproar,,
uproot,,
upset,,
upstage,,
upstairs,,
upstanding,,
upstart,,
upstate,,
upstream,,
upswing,,
uptake,,
uptown,,
upturn,,
upward,,
upwelling,,
upwind,,
username,,
viewpoint,,
vineyard,,
volleyball,,
voltmeter,,
waistcoat,,
waistline,,
walkingstick,,
walkout,,
walkway,,
wallflower,,
wallpaper,,
wardrobe,,
warehouse,,
warfare,,
warmup,,
warpath,,
warship,,
washcloth,,
washstand,,
wasteland,,
watchdog,,
waterbed,,
watercolor,,
watercress,,
waterfall,,
waterfowl,,
waterfront,,
watermelon,,
waterproof,,
watershed,,
waterspout,,
watertight,,
waterway,,
waterworks,,
wavelength,,
wayside,,
weatherman,,
weatherproof,,
weatherwoman,,
website,,
weekday,,
weekend,,
weightlifter,,
weightlifting,,
well-wetland,,
wetsuit,,
whatever,,
whatsoever,,
wheelbarrow,,
wheelchair,,
whenever,,
whereas,,
whereby,,
whereupon,,
wherewith,,
wherewithal,,
whichever,,
whirlpool,,
whirlwind,,
whitefish,,
whitewall,,
whitewash,,
whoever,,
wholehearted,,
wholesale,,
whomever,,
widescreen,,
widespread,,
wildcat,,
wildfire,,
wildflower,,
wildlife,,
windbreaker,,
windfall,,
windmill,,
windowpane,,
windowsill,,
windpipe,,
windshield,,
windsock,,
windstorm,,
windswept,,
windward,,
wingspan,,
wingspread,,
wintertime,,
wiretap,,
wisecrack,,
wishbone,,
witchcraft,,
withdraw,,
withhold,,
within,,
without,,
withstand,,
wolfhound,,
wolfsbane,,
wonderland,,
woodchuck,,
woodcutter,,
woodland,,
woodpecker,,
woodsman,,
woodwork,,
workbook,,
workday,,
workhorse,,
workman,,
workout,,
workplace,,
workroom,,
workshop,,
workstation,,
worktable,,
worldwide,,
worthwhile,,
wristwatch,,
wrongdoing,,
yachtsman,,
yachtswoman,,
yardarm,,
yardstick,,
yearbook,,
yellowtail,,
yourself,,
zigzag,,
zookeeper,,
